{
	"info": {
		"_postman_id": "2c2ae8b4-1c3b-482b-b3ad-bd4d5c8ab73c",
		"name": "_Partner - Enablement - IBM",
		"schema": "https://schema.getpostman.com/json/collection/v2.1.0/collection.json"
	},
	"item": [
		{
			"name": "1. Unified Profile Service",
			"item": [
				{
					"name": "UPS - GET Profile by Entity ID & NS",
					"request": {
						"method": "GET",
						"header": [
							{
								"key": "x-api-key",
								"value": "{{clientID}}"
							},
							{
								"key": "x-gw-ims-org-id",
								"value": "{{IMSOrg}}"
							},
							{
								"key": "Authorization",
								"value": "Bearer {{access_token}}"
							}
						],
						"url": {
							"raw": "https://platform.adobe.io/data/core/ups/access/entities?entityId=12985050058071343400593524106372419809&entityIdNS=ecid&schema.name=_xdm.context.profile",
							"protocol": "https",
							"host": [
								"platform",
								"adobe",
								"io"
							],
							"path": [
								"data",
								"core",
								"ups",
								"access",
								"entities"
							],
							"query": [
								{
									"key": "entityId",
									"value": "12985050058071343400593524106372419809"
								},
								{
									"key": "entityIdNS",
									"value": "ecid"
								},
								{
									"key": "schema.name",
									"value": "_xdm.context.profile"
								}
							]
						}
					},
					"response": []
				},
				{
					"name": "UPS - GET Profile & EE by Entity ID & NS",
					"request": {
						"method": "GET",
						"header": [
							{
								"key": "x-api-key",
								"value": "{{clientID}}"
							},
							{
								"key": "x-gw-ims-org-id",
								"value": "{{IMSOrg}}"
							},
							{
								"key": "Authorization",
								"value": "Bearer {{access_token}}"
							}
						],
						"url": {
							"raw": "https://platform.adobe.io/data/core/ups/access/entities?schema.name=_xdm.context.experienceevent&relatedSchema.name=_xdm.context.profile&relatedEntityId=21000000000000000000144041608857636504&relatedEntityIdNS=ecid",
							"protocol": "https",
							"host": [
								"platform",
								"adobe",
								"io"
							],
							"path": [
								"data",
								"core",
								"ups",
								"access",
								"entities"
							],
							"query": [
								{
									"key": "schema.name",
									"value": "_xdm.context.experienceevent"
								},
								{
									"key": "relatedSchema.name",
									"value": "_xdm.context.profile"
								},
								{
									"key": "relatedEntityId",
									"value": "21000000000000000000144041608857636504"
								},
								{
									"key": "relatedEntityIdNS",
									"value": "ecid"
								}
							]
						}
					},
					"response": []
				}
			],
			"event": [
				{
					"listen": "prerequest",
					"script": {
						"id": "cc4f20dc-7876-453a-9d02-57a8efa392cf",
						"type": "text/javascript",
						"exec": [
							""
						]
					}
				},
				{
					"listen": "test",
					"script": {
						"id": "9c5806c4-ea5f-4588-8ffd-d38c27fa0565",
						"type": "text/javascript",
						"exec": [
							""
						]
					}
				}
			],
			"protocolProfileBehavior": {}
		},
		{
			"name": "2. Segmentation",
			"item": [
				{
					"name": "Step 1 - Profile: Create A Segment Definition",
					"event": [
						{
							"listen": "test",
							"script": {
								"id": "3b8645f1-3de1-40f1-8b52-0216a68f5cb6",
								"exec": [
									"var segment = JSON.parse(responseBody);",
									"postman.setEnvironmentVariable(\"SEGMENT_ID\", segment.id);",
									""
								],
								"type": "text/javascript"
							}
						}
					],
					"request": {
						"method": "POST",
						"header": [
							{
								"key": "Authorization",
								"value": "bearer {{access_token}}"
							},
							{
								"key": "x-api-key",
								"value": "{{clientID}}"
							},
							{
								"key": "x-gw-ims-org-id",
								"value": "{{IMSOrg}}"
							},
							{
								"key": "Content-Type",
								"value": "application/json"
							}
						],
						"body": {
							"mode": "raw",
							"raw": "{\n    \"name\" : \"ldap - All Female Customer (API)\",\n    \"expression\" : {\"type\":\"PQL\", \"format\":\"pql/json\", \"value\":\"{\\\"nodeType\\\":\\\"fnApply\\\",\\\"fnName\\\":\\\"in\\\",\\\"params\\\":[{\\\"nodeType\\\":\\\"fieldLookup\\\",\\\"fieldName\\\":\\\"gender\\\",\\\"object\\\":{\\\"nodeType\\\":\\\"fieldLookup\\\",\\\"fieldName\\\":\\\"person\\\",\\\"object\\\":{\\\"nodeType\\\":\\\"literal\\\",\\\"literalType\\\":\\\"XDMObject\\\",\\\"value\\\":\\\"profile\\\"}}},{\\\"literalType\\\":\\\"List\\\",\\\"nodeType\\\":\\\"literal\\\",\\\"value\\\":[\\\"female\\\"]}]}\"},\n    \"createdBy\": \"ldap\",\n    \"schema\" : { \"name\" : \"_xdm.context.profile\"},\n    \"ttlInDays\" : 90\n}"
						},
						"url": {
							"raw": "{{PLATFORM_GATEWAY}}/data/core/ups/segment/definitions",
							"host": [
								"{{PLATFORM_GATEWAY}}"
							],
							"path": [
								"data",
								"core",
								"ups",
								"segment",
								"definitions"
							]
						}
					},
					"response": []
				},
				{
					"name": "Step 2 - POST Segment Job",
					"event": [
						{
							"listen": "test",
							"script": {
								"id": "7934ba7a-f349-4bf9-891a-536ffcf3392c",
								"exec": [
									"var data = JSON.parse(responseBody);",
									"postman.setEnvironmentVariable(\"JOB_ID\", data.id);"
								],
								"type": "text/javascript"
							}
						}
					],
					"request": {
						"method": "POST",
						"header": [
							{
								"key": "Content-Type",
								"value": "application/json"
							},
							{
								"key": "x-gw-ims-org-id",
								"value": "{{IMSOrg}}"
							},
							{
								"key": "x-api-key",
								"value": "{{clientID}}"
							},
							{
								"key": "Authorization",
								"value": "Bearer {{access_token}}"
							}
						],
						"body": {
							"mode": "raw",
							"raw": "[\n    {\n        \"segmentId\": \"{{SEGMENT_ID}}\"\n    }\n]"
						},
						"url": {
							"raw": "https://platform.adobe.io/data/core/ups/segment/jobs",
							"protocol": "https",
							"host": [
								"platform",
								"adobe",
								"io"
							],
							"path": [
								"data",
								"core",
								"ups",
								"segment",
								"jobs"
							]
						}
					},
					"response": []
				},
				{
					"name": "Step 3 - GET Segment Job status",
					"event": [
						{
							"listen": "test",
							"script": {
								"id": "4a9e3c0e-42ff-42bd-8672-226134c3133d",
								"exec": [
									"var data = JSON.parse(responseBody);",
									"postman.setEnvironmentVariable(\"MERGEPOLICY_ID\", data.segments[0].segment.mergePolicy.id);"
								],
								"type": "text/javascript"
							}
						}
					],
					"request": {
						"method": "GET",
						"header": [
							{
								"key": "x-gw-ims-org-id",
								"value": "{{IMSOrg}}"
							},
							{
								"key": "Content-Type",
								"value": "application/json"
							},
							{
								"key": "Authorization",
								"value": "Bearer {{access_token}}"
							},
							{
								"key": "x-api-key",
								"value": "{{clientID}}"
							}
						],
						"url": {
							"raw": "{{PLATFORM_GATEWAY}}/data/core/ups/segment/jobs/{{JOB_ID}}",
							"host": [
								"{{PLATFORM_GATEWAY}}"
							],
							"path": [
								"data",
								"core",
								"ups",
								"segment",
								"jobs",
								"{{JOB_ID}}"
							]
						}
					},
					"response": []
				},
				{
					"name": "Step 4 - Catalog: Create Segment Dataset",
					"event": [
						{
							"listen": "test",
							"script": {
								"id": "d6863da2-4d13-460a-a502-c57c3b6ae13b",
								"exec": [
									"var datasets = JSON.parse(responseBody);",
									"postman.setEnvironmentVariable(\"SEGMENT_DATASET_ID\", datasets[0].substring(11, datasets[0].length));"
								],
								"type": "text/javascript"
							}
						}
					],
					"request": {
						"method": "POST",
						"header": [
							{
								"key": "Authorization",
								"value": "Bearer {{access_token}}"
							},
							{
								"key": "x-api-key",
								"value": "{{clientID}}"
							},
							{
								"key": "x-gw-ims-org-id",
								"value": "{{IMSOrg}}"
							},
							{
								"key": "accept",
								"value": "application/json"
							},
							{
								"key": "Content-Type",
								"value": "application/json"
							}
						],
						"body": {
							"mode": "raw",
							"raw": "{\n    \"name\": \"ldap - ProfileSegmentDataset - All Females\",\n    \"description\" : \"ldap - ProfileSegmentDataset - All Females\",\n    \"schemaRef\": {\n        \"id\": \"https://ns.adobe.com/ibmnaamericaspartnersandbox/schemas/28d2a178569c836f296ec2e06116a486\",\n        \"contentType\": \"application/vnd.adobe.xed-full+json;version=1\"\n   },\n    \"fileDescription\": {\n        \"persisted\": true,\n        \"containerFormat\": \"parquet\",\n        \"format\": \"parquet\"\n    },\n   \"streamingIngestionEnabled\": \"false\",\n    \"tags\":\n    {\n           \"unifiedIdentity\": [\"enabled:false\"],\n           \"unifiedProfile\": [\"enabled:false\"]\n    }\n}"
						},
						"url": {
							"raw": "{{PLATFORM_GATEWAY}}/data/foundation/catalog/dataSets?requestDataSource=true",
							"host": [
								"{{PLATFORM_GATEWAY}}"
							],
							"path": [
								"data",
								"foundation",
								"catalog",
								"dataSets"
							],
							"query": [
								{
									"key": "requestDataSource",
									"value": "true"
								}
							]
						}
					},
					"response": []
				},
				{
					"name": "Step 5 - POST Export Job",
					"event": [
						{
							"listen": "test",
							"script": {
								"id": "caf3d739-6252-4c53-92c3-992ac6484ea4",
								"exec": [
									"var status = JSON.parse(responseBody);",
									"postman.setEnvironmentVariable(\"EXPORT_ID\", status.id);",
									""
								],
								"type": "text/javascript"
							}
						}
					],
					"request": {
						"method": "POST",
						"header": [
							{
								"key": "Content-Type",
								"value": "application/json"
							},
							{
								"key": "x-api-key",
								"value": "{{clientID}}"
							},
							{
								"key": "Authorization",
								"value": "Bearer {{access_token}}"
							},
							{
								"key": "x-gw-ims-org-id",
								"value": "{{IMSOrg}}"
							}
						],
						"body": {
							"mode": "raw",
							"raw": "{\n    \"filter\" : {\n        \"segments\" : [\n            {\n                \"segmentId\" : \"{{SEGMENT_ID}}\"\n            }\n        ]\n    },\n    \"destination\" : {\n        \"datasetId\" : \"{{SEGMENT_DATASET_ID}}\"\n    },\n    \"schema\" : {\n        \"name\" : \"_xdm.context.profile\"\n    },\n    \"mergePolicy\": {\n       \"id\": \"{{MERGEPOLICY_ID}}\",\n       \"version\": 1\n   }\n}"
						},
						"url": {
							"raw": "{{PLATFORM_GATEWAY}}/data/core/ups/export/jobs",
							"host": [
								"{{PLATFORM_GATEWAY}}"
							],
							"path": [
								"data",
								"core",
								"ups",
								"export",
								"jobs"
							]
						}
					},
					"response": []
				},
				{
					"name": "Step 6 - Get Export Job By Id",
					"request": {
						"method": "GET",
						"header": [
							{
								"key": "x-api-key",
								"value": "{{clientID}}"
							},
							{
								"key": "x-gw-ims-org-id",
								"value": "{{IMSOrg}}"
							},
							{
								"key": "Authorization",
								"value": "Bearer {{access_token}}"
							},
							{
								"key": "",
								"value": "",
								"disabled": true
							}
						],
						"url": {
							"raw": "{{PLATFORM_GATEWAY}}/data/core/ups/export/jobs/{{EXPORT_ID}}",
							"host": [
								"{{PLATFORM_GATEWAY}}"
							],
							"path": [
								"data",
								"core",
								"ups",
								"export",
								"jobs",
								"{{EXPORT_ID}}"
							]
						}
					},
					"response": []
				}
			],
			"protocolProfileBehavior": {}
		},
		{
			"name": "9. Troubleshooting",
			"item": [
				{
					"name": "Step 1 - List Failed Files in Batch ID",
					"event": [
						{
							"listen": "test",
							"script": {
								"id": "a932de14-8eb3-44ae-b15d-64ecf401c999",
								"exec": [
									""
								],
								"type": "text/javascript"
							}
						}
					],
					"request": {
						"method": "GET",
						"header": [
							{
								"key": "Authorization",
								"value": "Bearer {{access_token}}"
							},
							{
								"key": "Content-Type",
								"value": "application/json"
							},
							{
								"key": "cache-control",
								"value": "no-cache"
							},
							{
								"key": "x-api-key",
								"value": "{{clientID}}"
							},
							{
								"key": "x-gw-ims-org-id",
								"value": "{{IMSOrg}}"
							}
						],
						"url": {
							"raw": "{{PLATFORM_GATEWAY}}/data/foundation/export/batches/e07e52d1498a41898992af41b1712a2e/failed",
							"host": [
								"{{PLATFORM_GATEWAY}}"
							],
							"path": [
								"data",
								"foundation",
								"export",
								"batches",
								"e07e52d1498a41898992af41b1712a2e",
								"failed"
							]
						}
					},
					"response": []
				},
				{
					"name": "Step 2 - Visualize Failed Files From Batch ID",
					"request": {
						"method": "GET",
						"header": [
							{
								"key": "Authorization",
								"value": "Bearer {{access_token}}"
							},
							{
								"key": "Content-Type",
								"value": "application/json"
							},
							{
								"key": "cache-control",
								"value": "no-cache"
							},
							{
								"key": "x-api-key",
								"value": "{{clientID}}"
							},
							{
								"key": "x-gw-ims-org-id",
								"value": "{{IMSOrg}}"
							}
						],
						"url": {
							"raw": "https://platform.adobe.io/data/foundation/export/batches/4ce30f5021b24efb931db1eb5d1bca24/failed?path=part-00000-4601e411-2f42-463b-ba7b-99c279a1445d-c000.json",
							"protocol": "https",
							"host": [
								"platform",
								"adobe",
								"io"
							],
							"path": [
								"data",
								"foundation",
								"export",
								"batches",
								"4ce30f5021b24efb931db1eb5d1bca24",
								"failed"
							],
							"query": [
								{
									"key": "path",
									"value": "part-00000-4601e411-2f42-463b-ba7b-99c279a1445d-c000.json"
								}
							]
						}
					},
					"response": []
				}
			],
			"protocolProfileBehavior": {}
		}
	],
	"event": [
		{
			"listen": "prerequest",
			"script": {
				"id": "f3fe155a-1343-4be4-bad6-d6a6225e0751",
				"type": "text/javascript",
				"exec": [
					""
				]
			}
		},
		{
			"listen": "test",
			"script": {
				"id": "08d8c7db-bd7d-4f22-9aac-5250672db6bd",
				"type": "text/javascript",
				"exec": [
					""
				]
			}
		}
	],
	"protocolProfileBehavior": {}
}